kernel,C,epsilon,gamma,train_mae,train_mse,train_rmse,train_r2,val_mae,val_mse,val_rmse,val_r2
rbf,50,1.0,scale,645.2144642809369,4148972.944783506,2036.90278235941,0.5811544434484694,660.3325916459165,4491728.535520087,2119.369843967798,0.5552623030236664
rbf,50,0.1,scale,645.1828992863362,4149096.215126065,2036.9330413948478,0.5811419991072018,660.3336155570402,4491853.4413821995,2119.399311451761,0.5552499357701658
rbf,10,0.1,scale,1094.5344144120052,6130367.391872583,2475.9578736062094,0.38112945630494866,1089.6188012978225,6377068.034019225,2525.285733143722,0.3685899473925537
rbf,10,1.0,scale,1094.4978739973217,6130552.526298415,2475.9952597487772,0.38111076668400956,1089.5716925662239,6377232.736159717,2525.3183435281417,0.36857363980627145
